{
  "stemi_standard": {
    "น่าน": 35.49354005167959,
    "ลำปาง": 4.884379424256725,
    "เชียงใหม่": 7.938561683055075,
    "เชียงราย": 32.71303978979732,
    "แม่ฮ่องสอน": 34.83709273182957,
    "ลำพูน": 0.26595744680851063,
    "แพร่": 34.31776556776557,
    "พะเยา": 74.77433817056458
  },
  "cvd_risk": {
    "แม่ฮ่องสอน": 69.46065434970787,
    "ลำพูน": 55.99440442239742,
    "เชียงราย": 65.88046436633044,
    "แพร่": 52.16010145925418,
    "ลำปาง": 81.1404569358607,
    "น่าน": 67.53809847224265,
    "เชียงใหม่": 61.261707210695576,
    "พะเยา": 56.55885227439206
  },
  "dm_control": {},
  "ht_control": {},
  "suicide_rate": {}
}